,Id,MSZoning,Street,OverallQual,GrLivArea,GarageCars,GarageArea,TotalBsmtSF,1stFlrSF,2ndFlrSF,FullBath,TotRmsAbvGrd,YearBuilt
0,0,RM,Pave,6,848,2,420,848,848,0,1,3,2004
1,1,RL,Pave,1,334,0,0,0,334,0,1,2,1946
2,2,RM,Pave,6,848,2,420,848,848,0,1,3,2004
3,3,RL,Pave,8,2090,2,556,1220,1220,870,2,8,1995
4,4,RM,Pave,4,988,1,297,462,526,462,1,5,1973
5,5,RL,Pave,5,1664,0,0,0,1664,0,2,8,1965
6,6,RL,Pave,5,912,1,297,912,912,0,1,5,1958
7,7,RL,Pave,7,1200,2,555,1176,1200,0,2,5,2003
8,8,RL,Pave,6,1422,2,576,1422,1422,0,2,7,1981
9,9,RL,Pave,8,3112,2,795,1360,1360,1360,2,8,1918
10,10,RL,Pave,6,2201,2,432,697,1575,626,2,8,1966
11,11,RM,Pave,7,1690,1,225,815,815,875,1,7,1916
12,12,RL,Pave,5,1188,1,312,1188,1188,0,1,6,1962
13,13,RL,Pave,5,1422,1,286,978,1422,0,1,6,1960
14,14,RM,Pave,4,951,1,327,951,951,0,1,6,1936
15,15,RL,Pave,7,1640,2,595,798,798,842,2,6,2003
16,16,RL,Pave,6,1034,3,888,1012,1034,0,1,6,1976
17,17,RL,Pave,6,1688,2,603,616,616,1072,2,8,1997
18,18,RL,Pave,5,1077,1,205,991,1077,0,1,5,1939
19,19,RL,Pave,5,1486,2,480,1486,1486,0,1,7,1964
20,20,RL,Pave,5,964,2,432,876,964,0,1,5,1921
21,21,RL,Pave,6,1493,2,508,1478,1493,0,2,7,1997
22,22,RL,Pave,5,955,1,386,955,955,0,1,6,1966
23,23,RL,Pave,7,1080,0,0,1080,1080,0,1,6,2004
24,24,RL,Pave,5,1236,1,288,912,1236,0,1,6,1961
25,25,RL,Pave,7,1145,2,397,1145,1145,0,2,5,2005
26,26,RM,Pave,6,1469,1,216,756,756,713,1,7,1906
27,27,RL,Pave,6,1608,1,216,976,1160,448,2,7,1925
28,28,FV,Pave,8,1953,3,1043,1082,1082,871,2,9,2005
29,29,RL,Pave,8,1694,2,636,1686,1694,0,2,7,2004
30,30,RL,Pave,8,1370,2,484,1370,1370,0,2,6,2006
31,31,RL,Pave,6,1251,1,461,1251,1251,0,1,6,1964
32,32,FV,Pave,7,1102,2,480,551,551,551,2,4,2004
33,33,RL,Pave,5,2634,4,968,1248,1338,1296,2,12,1969
34,34,RL,Pave,7,1472,2,588,1372,1472,0,2,6,1980
35,35,RL,Pave,5,943,2,600,943,943,0,1,4,1979
36,36,RL,Pave,5,1057,2,576,1057,1057,0,1,6,1962
37,37,RL,Pave,5,1148,1,308,980,1148,0,1,6,1952
38,38,RM,Pave,5,875,1,180,715,875,0,1,5,1931
39,39,RL,Pave,7,1428,2,554,1417,1428,0,2,6,2008
40,40,RL,Pave,9,1940,3,606,1930,1940,0,2,8,2009
41,41,RM,Pave,6,848,2,420,848,848,0,1,3,2004
42,42,FV,Pave,8,1656,3,826,1656,1656,0,2,7,2006
43,43,RL,Pave,9,1944,3,708,1896,1944,0,2,8,2003
44,44,RL,Pave,3,720,1,287,0,720,0,1,4,1949
45,45,RL,Pave,4,1294,0,0,0,694,600,2,7,1900
46,46,RL,Pave,6,1668,1,271,856,1112,556,1,6,1950
47,47,RL,Pave,6,1855,1,325,994,1216,639,2,7,1954
48,48,FV,Pave,6,1525,2,440,756,769,756,2,5,2000
49,49,RL,Pave,6,1790,2,484,732,1012,778,1,8,1972
50,50,RM,Pave,4,1154,1,240,796,796,358,1,7,1922
51,51,RL,Pave,5,1128,2,525,1120,1128,0,2,6,1963
52,52,RL,Pave,10,2392,3,968,2392,2392,0,2,8,2003
53,53,RL,Pave,9,1561,2,556,1561,1561,0,2,6,2005
54,54,RL,Pave,5,988,1,276,876,988,0,1,6,1950
55,55,RL,Pave,7,1604,2,660,1604,1604,0,2,8,2006
56,56,RL,Pave,5,1073,1,326,1073,1073,0,1,4,1921
57,57,FV,Pave,8,1939,3,1053,1095,1095,844,2,8,2006
58,58,RL,Pave,8,1616,2,608,1595,1616,0,2,5,1995
59,59,FV,Pave,7,1550,2,438,1092,1112,438,2,7,2006
60,60,RL,Pave,8,1752,2,492,559,1080,672,2,8,1988
61,61,RL,Pave,5,954,2,576,911,954,0,1,6,1976
62,62,RL,Pave,7,1726,3,786,1726,1726,0,2,8,2007
63,63,C (all),Pave,2,480,1,308,480,480,0,0,4,1949
64,64,RM,Pave,4,1208,2,539,780,848,0,1,5,1925
65,65,RL,Pave,6,1429,2,572,1144,1429,0,1,7,1960
66,66,RL,Pave,6,1348,2,453,660,660,688,1,6,1966
67,67,RL,Pave,5,1128,1,286,936,1128,0,1,5,1954
68,68,RL,Pave,7,1277,2,526,1277,1277,0,1,5,1970
69,69,RL,Pave,6,1991,2,432,854,1096,895,1,7,1932
70,70,RL,Pave,7,2035,2,434,884,884,1151,2,8,2001
71,71,RL,Pave,7,1894,2,510,817,824,1070,2,8,2002
72,72,RL,Pave,6,1756,2,422,872,888,868,2,7,1996
73,73,RM,Pave,6,1664,2,420,1004,1004,660,2,7,1947
74,74,RH,Pave,6,784,2,360,784,784,0,1,5,1928
75,75,RL,Pave,5,1385,2,720,910,910,475,2,6,1952
76,76,RL,Pave,10,3627,3,807,1930,1831,1796,3,10,1995
77,77,RL,Pave,5,1376,1,240,768,968,408,1,6,1941
78,78,RL,Pave,7,1446,2,406,729,729,717,2,6,1996
79,79,RL,Pave,7,1601,2,478,1271,1601,0,2,7,1978
80,80,RL,Pave,6,1933,3,668,894,894,1039,2,9,2007
81,81,RM,Pave,6,1229,2,462,561,561,668,1,5,1980
82,82,RL,Pave,8,2132,2,612,1496,1496,636,1,5,1983
83,83,RL,Pave,7,1710,2,548,856,856,854,2,8,2003
84,84,RL,Pave,7,1294,2,662,1286,1294,0,2,6,2006
85,85,RL,Pave,6,1199,2,530,1199,1199,0,2,5,1993
86,86,RM,Pave,5,1302,2,440,630,630,672,2,6,1970
87,87,RL,Pave,7,2080,1,282,1276,1276,804,1,9,1926
88,88,RL,Pave,7,1490,2,388,788,788,702,2,8,2004
89,89,RL,Pave,8,1844,2,620,1844,1844,0,2,7,2005
90,90,RL,Pave,9,2596,3,840,1249,1249,1347,3,9,2006
91,91,RM,Pave,4,1573,1,240,884,989,584,1,6,1935
92,92,RH,Pave,5,2002,3,871,1001,1001,1001,2,8,1949
93,93,RL,Pave,7,1872,2,604,1845,1872,0,2,6,1988
94,94,FV,Pave,7,1761,2,578,874,874,887,3,7,2007
95,95,RM,Pave,8,2358,0,0,684,938,1215,2,8,1872
96,96,RL,Pave,5,985,1,328,985,985,0,2,6,1977
97,97,RL,Pave,6,1441,2,440,855,855,586,2,7,1978
98,98,RL,Pave,7,1302,2,436,1302,1302,0,2,6,2007
99,99,FV,Pave,7,1200,2,480,600,520,600,2,4,2005
100,100,RL,Pave,8,1659,2,499,1501,1659,0,2,5,2000
101,101,RL,Pave,7,1500,2,570,1500,1500,0,2,6,2004
102,102,RL,Pave,8,2031,2,577,1128,1128,903,2,7,2002
103,103,RL,Pave,5,1154,2,480,1154,1154,0,1,6,1966
104,104,RH,Pave,4,1056,1,384,1056,1056,0,1,5,1966
105,105,RL,Pave,9,1905,3,788,1905,1905,0,2,8,2006
106,106,RL,Pave,5,1056,1,308,1056,1056,0,1,6,1958
107,107,RL,Pave,4,1470,1,548,941,997,473,2,7,1954
108,108,RH,Pave,5,965,1,300,828,965,0,1,6,1965
109,109,RL,Pave,5,999,1,300,925,999,0,1,6,1962
110,110,RL,Pave,6,1392,1,299,689,689,703,1,6,1977
111,111,RL,Pave,5,1040,1,286,1040,1040,0,1,6,1959
112,112,RL,Pave,7,1166,2,400,856,1166,0,2,5,2005
113,113,RL,Pave,7,1692,2,650,846,846,846,2,6,2009
114,114,FV,Pave,7,1674,2,663,814,814,860,2,7,2000
115,115,RL,Pave,6,913,1,240,814,913,0,1,6,1966
116,116,RL,Pave,6,2158,2,576,1202,2158,0,2,7,1950
117,117,RM,Pave,6,1902,2,539,0,1318,584,2,8,1978
118,118,RL,Pave,6,1728,2,574,1728,1728,0,2,8,1976
119,119,RL,Pave,7,2403,1,349,1032,1207,1196,2,10,1940
120,120,RL,Pave,5,1268,1,288,832,1036,0,1,6,1949
121,121,RL,Pave,5,1328,1,308,1350,1328,0,1,5,1959
122,122,RL,Pave,8,1228,2,472,1228,1228,0,2,5,1988
123,123,RL,Pave,10,4476,3,813,2396,2411,2065,3,10,1996
124,124,FV,Pave,7,1553,2,615,756,756,797,2,6,2005
125,125,RL,Pave,7,1477,1,216,861,877,600,2,6,1928
126,126,RL,Pave,5,1647,2,621,1430,1647,0,2,7,1977
127,127,RL,Pave,5,1152,2,484,1152,1152,0,1,6,1964
128,128,RL,Pave,8,1466,3,610,1466,1466,0,2,7,2007
129,129,RL,Pave,5,924,2,576,672,672,252,1,6,1949
130,130,RL,Pave,7,1431,2,666,1431,1431,0,2,6,1999
131,131,RL,Pave,4,1040,2,420,0,1040,0,1,4,1950
132,132,RL,Pave,6,1575,2,529,1575,1575,0,2,5,1992
133,133,RL,Pave,6,2447,1,336,804,1699,748,2,10,1919
134,134,RM,Pave,7,1344,4,784,1344,1344,0,2,8,1997
135,135,RL,Pave,5,925,1,429,925,925,0,1,5,1965
136,136,RL,Pave,6,1680,2,540,880,1680,0,2,5,1988
137,137,RL,Pave,5,1224,2,528,1086,1224,0,0,6,1979
138,138,RL,Pave,6,1661,1,377,992,1661,0,1,8,1955
139,139,RM,Pave,7,1889,1,308,925,964,925,1,9,1910
140,140,RL,Pave,5,698,0,0,698,698,0,1,4,1947
141,141,RH,Pave,5,1928,0,0,686,948,980,2,10,1916
142,142,RL,Pave,8,2715,2,831,1142,1175,1540,3,11,1976
143,143,RL,Pave,8,1919,2,685,1079,1079,840,2,8,2006
144,144,RM,Pave,5,1072,2,525,547,1072,0,1,5,2005
145,145,RM,Pave,6,816,1,432,816,816,0,1,5,1930
146,146,RL,Pave,5,1148,1,672,1148,1148,0,1,6,1959
147,147,RM,Pave,5,866,0,0,686,866,0,1,4,1945
148,148,RL,Pave,8,1580,3,830,1580,1580,0,2,7,2007
149,149,RL,Pave,7,1504,2,437,1346,1504,0,2,7,2005
150,150,C (all),Pave,4,720,0,0,720,720,0,1,4,1920
151,151,RL,Pave,8,2198,3,836,1145,1145,1053,2,9,2000
152,152,RL,Pave,5,1056,1,260,1056,1056,0,1,6,1954
153,153,RL,Pave,5,1057,1,246,1057,1057,0,1,5,1953
154,154,RL,Pave,6,1431,1,296,1099,1431,0,1,6,1962
155,155,RL,Pave,7,1552,3,782,1552,1552,0,2,7,2005
156,156,RL,Pave,6,1056,2,576,1056,1056,0,0,4,1980
157,157,RL,Pave,7,1840,2,622,944,944,896,2,6,2001
158,158,RL,Pave,7,1802,1,216,793,901,901,1,9,1920
159,159,RL,Pave,7,1217,2,497,1188,1217,0,2,6,1990
160,160,RL,Pave,5,2414,2,520,954,1766,648,2,10,1900
161,161,RL,Pave,8,2452,2,683,1028,1210,1242,2,9,1998
162,162,RM,Pave,6,848,2,420,848,848,0,1,3,2004
163,163,RL,Pave,6,1092,2,504,1092,1092,0,1,6,1964
164,164,RL,Pave,8,1646,3,800,1638,1646,0,2,7,2007
165,165,RL,Pave,7,2149,2,670,1434,1518,631,1,6,2003
166,166,RL,Pave,7,1661,2,550,799,827,834,2,6,1996
167,167,RL,Pave,5,1582,2,390,1624,1582,0,2,7,1964
168,168,FV,Pave,8,2610,2,550,1184,1184,1426,2,11,2007
169,169,RL,Pave,7,1724,2,527,880,880,844,2,8,1998
170,170,RL,Pave,8,2169,2,647,1284,1284,885,2,7,2002
171,171,RL,Pave,6,864,1,288,864,864,0,1,4,1959
172,172,RM,Pave,6,1218,1,264,672,672,546,1,7,1973
173,173,RL,Pave,6,2614,2,624,1522,1548,1066,2,9,1974
174,174,RM,Pave,6,1236,2,923,912,1236,0,1,6,1957
175,175,RL,Pave,9,1869,2,617,1869,1869,0,2,6,2007
176,176,RL,Pave,5,1134,1,240,756,756,378,1,7,1940
177,177,RL,Pave,6,1324,2,440,1088,1324,0,2,6,1965
178,178,RL,Pave,4,1230,1,305,747,774,456,1,5,1946
179,179,RL,Pave,5,874,1,288,864,874,0,1,5,1968
180,180,RL,Pave,7,1767,2,504,1064,1064,703,2,5,1987
181,181,RL,Pave,4,968,1,216,656,968,0,2,5,1927
182,182,RL,Pave,6,1913,2,342,896,1172,741,1,9,1928
183,183,RL,Pave,6,1846,1,315,1040,1168,678,2,7,1949
184,184,RM,Pave,6,754,0,0,520,520,0,1,5,1935
185,185,RL,Pave,5,1584,3,792,1584,1584,0,2,8,1967
186,186,RL,Pave,5,923,1,264,876,923,0,1,5,1984
187,187,RL,Pave,3,1306,0,0,728,1306,0,1,6,1940
188,188,RL,Pave,6,1647,1,216,806,841,806,1,6,1915
189,189,RL,Pave,5,1090,2,450,1090,1090,0,1,5,2005
190,190,RL,Pave,6,1694,2,576,1181,1390,304,2,7,1925
191,191,RL,Pave,7,2090,2,484,1107,1107,983,2,7,1973
192,192,RL,Pave,6,1888,2,578,1517,1888,0,2,6,1966
193,193,RL,Pave,4,1738,1,368,715,1281,457,2,7,1920
194,194,RL,Pave,7,1426,1,216,912,912,514,1,7,1918
195,195,RL,Pave,6,1215,1,297,1215,1215,0,1,6,1958
196,196,FV,Pave,6,1573,2,440,756,769,804,2,5,2000
197,197,RL,Pave,6,1381,2,676,1161,1381,0,1,5,1972
198,198,RL,Pave,8,1563,3,758,1563,1563,0,2,6,2007
199,199,RL,Pave,4,894,2,400,894,894,0,1,5,1954
200,200,RM,Pave,6,1118,2,440,648,734,384,1,6,1920
201,201,RL,Pave,7,1494,3,840,1494,1494,0,2,7,2006
202,202,RM,Pave,6,1367,1,560,884,959,408,1,6,1931
203,203,RL,Pave,7,1632,2,462,935,955,677,2,8,1998
204,204,RL,Pave,7,2046,3,871,998,1006,1040,2,8,2003
205,205,RL,Pave,5,768,2,396,768,768,0,1,5,1972
206,206,RL,Pave,6,1080,2,484,1084,1080,0,1,5,1983
207,207,RL,Pave,7,1248,2,438,1248,1248,0,2,5,2005
208,208,RL,Pave,5,1074,2,495,1056,1074,0,1,6,1975
209,209,RM,Pave,6,813,1,270,813,813,0,1,5,1930
210,210,RL,Pave,7,1220,2,632,1199,1220,0,2,6,2006
211,211,RL,Pave,5,1125,2,430,1125,1125,0,1,5,2006
212,212,RL,Pave,7,1530,3,630,1530,1530,0,2,7,2004
213,213,RL,Pave,4,960,2,576,960,960,0,1,6,1970
214,214,RL,Pave,6,1868,2,477,585,1140,728,3,7,1984
215,215,RL,Pave,8,2000,3,888,2000,2000,0,2,8,2004
216,216,RL,Pave,6,1844,2,540,1844,1844,0,2,7,1969
217,217,RM,Pave,7,1482,2,324,650,832,650,1,7,1920
218,218,RL,Pave,7,2036,2,513,2136,2036,0,2,8,1965
219,219,RM,Pave,4,520,1,240,520,520,0,1,4,1927
220,220,RL,Pave,7,2256,2,554,952,980,1276,2,8,2000
221,221,RL,Pave,8,2217,2,621,2217,2217,0,2,8,1970
222,222,RL,Pave,5,1053,2,750,1008,1053,0,1,6,1958
223,223,RL,Pave,8,2098,3,878,1030,1038,1060,2,8,2005
224,224,RL,Pave,10,1718,3,786,1700,1718,0,2,7,2006
225,225,RL,Pave,10,2296,3,842,1722,1728,568,2,10,2008
226,226,RL,Pave,7,1456,2,400,728,728,728,2,8,2007
227,227,RL,Pave,5,1126,2,540,1126,1126,0,2,6,1977
228,228,RL,Pave,8,1502,2,528,1488,1502,0,1,4,1985
229,229,RL,Pave,6,2345,2,360,952,1170,1175,2,9,1932
230,230,RM,Pave,6,1406,0,0,319,1035,371,1,6,1920
231,231,RM,Pave,6,2210,1,205,1008,1178,1032,2,8,1880
232,232,RL,Pave,7,1820,1,240,1026,1133,687,2,8,1925
233,233,RL,Pave,7,1664,2,528,832,832,832,2,8,1976
234,234,RL,Pave,9,2822,3,1020,1734,1734,1088,3,12,2008
235,235,RL,Pave,6,1026,2,576,940,1026,0,1,5,1978
236,236,RM,Pave,7,1111,1,288,572,572,539,1,5,1926
237,237,RL,Pave,5,1040,2,576,1040,1040,0,1,6,1996
238,238,RL,Pave,7,1496,2,426,654,664,832,2,7,2006
239,239,RL,Pave,7,1824,2,739,1643,1824,0,2,5,1971
240,240,RL,Pave,6,1796,2,546,794,882,914,2,7,1998
241,241,RL,Pave,9,1506,2,592,1498,1506,0,2,6,2008
242,242,RL,Pave,6,1552,2,434,713,811,741,2,6,1975
243,243,RL,Pave,6,2515,2,484,2035,2515,0,3,9,1957
244,244,RL,Pave,7,2978,2,564,710,1898,1080,2,11,1967
245,245,RL,Pave,5,1235,2,480,1235,1235,0,1,6,1961
246,246,RL,Pave,3,1699,2,420,978,1014,685,2,7,1900
247,247,RL,Pave,7,2243,3,746,700,1122,1121,2,8,1990
248,248,RL,Pave,6,1786,2,684,824,905,881,2,7,1997
249,249,RM,Pave,5,1382,2,660,720,854,0,1,7,1941
250,250,RL,Pave,5,1252,2,576,504,936,316,1,5,1908
251,251,RL,Pave,5,1336,1,375,1165,1336,0,1,5,1953
252,252,RL,Pave,7,1661,2,598,1649,1661,0,2,6,1998
253,253,FV,Pave,6,1224,2,528,612,612,612,2,4,2009
254,254,RL,Pave,7,1430,2,400,384,774,656,2,7,2000
255,255,RL,Pave,8,1836,3,862,1836,1836,0,2,7,2004
256,256,RL,Pave,6,1470,2,420,680,680,790,2,6,1993
257,257,RL,Pave,5,1264,2,461,1268,1264,0,1,6,1960
258,258,RL,Pave,6,918,1,264,918,918,0,2,5,1979
259,259,RL,Pave,7,2196,3,701,2158,2196,0,2,7,1990
260,260,RL,Pave,6,1095,1,264,588,1095,0,1,6,1958
261,261,RL,Pave,5,936,1,308,936,936,0,1,4,1956
262,262,RM,Pave,5,1028,2,360,1008,1028,0,1,5,1927
263,263,RL,Pave,9,1752,2,576,1752,1752,0,2,6,2005
264,264,RL,Pave,7,1494,2,514,1482,1494,0,2,5,1998
265,265,RL,Pave,7,1226,3,740,1226,1226,0,2,6,2009
266,266,FV,Pave,8,2466,2,610,1580,1580,886,3,8,2004
267,267,RL,Pave,7,1502,1,270,776,851,651,1,6,1931
268,268,RL,Pave,8,1717,3,908,1709,1717,0,2,7,2006
269,269,RL,Pave,6,1302,1,309,1302,1302,0,2,7,1964
270,270,RM,Pave,6,1224,2,402,1224,1224,0,2,5,1999
271,271,RL,Pave,8,1970,3,753,1085,1120,850,2,8,2006
272,272,RL,Pave,7,1717,2,400,1156,1187,530,2,7,1990
273,273,RL,Pave,7,2157,2,487,924,1216,941,2,8,1966
274,274,RL,Pave,6,1851,2,440,822,1020,831,2,7,1964
275,275,RL,Pave,6,1362,2,504,1362,1362,0,1,6,1961
276,276,RL,Pave,4,960,1,364,648,960,0,0,3,1965
277,277,RL,Pave,9,2018,3,746,2002,2018,0,2,10,2008
278,278,RL,Pave,6,1442,2,615,1442,1442,0,2,6,1970
279,279,RL,Pave,4,864,2,400,864,864,0,1,4,1951
280,280,RL,Pave,6,1640,2,924,1296,1640,0,1,7,1954
281,281,RM,Pave,5,1559,2,812,1559,1559,0,1,5,1948
282,282,FV,Pave,7,1392,2,540,689,703,689,2,5,2007
283,283,RL,Pave,4,1440,0,0,1440,1440,0,2,8,1977
284,284,RL,Pave,6,1125,1,352,1041,1125,0,1,6,1976
285,285,RM,Pave,7,1709,2,380,970,970,739,2,7,2004
286,286,RL,Pave,7,1560,2,573,1560,1560,0,2,7,2003
287,287,RL,Pave,7,1368,2,474,1368,1368,0,2,6,2005
288,288,RL,Pave,7,1923,2,564,750,1061,862,2,8,1992
289,289,RL,Pave,5,1221,1,392,784,949,272,1,7,1924
290,290,C (all),Pave,4,1178,1,384,859,859,319,1,7,1900
291,291,RL,Pave,7,1482,2,392,384,812,670,2,7,1992
292,292,RL,Pave,7,1430,2,605,1413,1430,0,2,6,2001
293,293,RM,Pave,5,928,1,288,928,928,0,1,5,1957
294,294,RL,Pave,7,1959,2,434,847,847,1112,2,8,2004
295,295,RL,Pave,7,1442,2,719,910,1442,0,2,6,1990
296,296,RL,Pave,5,1228,1,271,1228,1228,0,1,6,1966
297,297,FV,Pave,7,1221,2,400,1221,1221,0,2,6,2004
298,298,RL,Pave,10,2076,3,850,2076,2076,0,2,7,2006
299,299,RM,Pave,5,935,1,308,742,779,0,1,4,1930
300,300,RL,Pave,5,1276,1,350,1276,1276,0,1,5,1958
301,301,RM,Pave,5,1284,1,240,720,720,564,1,5,1947
302,302,RL,Pave,8,2161,3,789,1582,1610,551,1,8,2007
303,303,RL,Pave,7,2019,2,532,728,1136,883,1,8,1910
304,304,RL,Pave,5,882,2,461,882,882,0,1,5,1972
305,305,RM,Pave,4,1092,1,286,546,546,546,1,6,1970
306,306,RL,Pave,7,1402,3,648,1258,1402,0,0,7,2006
307,307,RL,Pave,7,2057,1,180,1017,1020,1037,1,6,1936
308,308,RL,Pave,6,1548,2,440,804,804,744,2,7,1976
309,309,FV,Pave,7,1452,2,506,691,713,739,2,6,1999
310,310,RL,Pave,9,2728,3,706,1848,1848,880,2,10,2005
311,311,RL,Pave,5,1065,2,461,1065,1065,0,1,6,1960
312,312,RM,Pave,3,1163,1,220,1162,1163,0,1,6,1955
313,313,RL,Pave,7,2183,3,786,1204,1377,806,2,9,1988
314,314,RL,Pave,8,1484,2,472,1476,1484,0,2,6,2006
315,315,RL,Pave,9,2364,3,820,2330,2364,0,2,11,2009
316,316,RL,Pave,7,1555,3,660,1373,1555,0,2,7,2007
317,317,RL,Pave,5,816,2,816,816,816,0,1,4,1982
318,318,RL,Pave,7,1232,2,632,1232,1232,0,2,6,2007
319,319,RL,Pave,6,1617,2,533,1604,1617,0,2,5,1993
320,320,RL,Pave,7,1135,2,576,560,575,560,1,6,1936
321,321,RL,Pave,5,2192,1,240,720,1052,720,2,8,1939
322,322,RL,Pave,5,894,2,450,894,894,0,1,5,1967
323,323,RL,Pave,5,902,2,484,864,902,0,1,5,1983
324,324,RL,Pave,7,1928,2,434,847,847,1081,2,8,2003
325,325,RL,Pave,5,1779,2,454,1763,1779,0,1,6,1955
326,326,RL,Pave,4,864,2,576,864,864,0,1,5,1972
327,327,RL,Pave,5,894,2,450,894,894,0,1,5,1968
328,328,RL,Pave,5,882,1,294,0,882,0,1,5,1959
329,329,RL,Pave,6,1253,1,352,1253,1253,0,1,5,1960
330,330,RL,Pave,9,1980,3,770,1980,1980,0,2,8,2004
331,331,RL,Pave,8,1689,3,857,1568,1689,0,2,7,2002
332,332,RL,Pave,5,1268,1,252,1268,1268,0,1,5,1977
333,333,RL,Pave,7,1363,2,439,1385,1363,0,1,5,1954
334,334,RL,Pave,5,900,2,576,900,900,0,1,5,1951
335,335,RL,Pave,7,2207,2,576,1947,2207,0,2,7,1970
336,336,RL,Pave,5,1360,2,572,384,1360,0,1,6,1955
337,337,RL,Pave,6,1258,2,528,1258,1258,0,2,5,1971
338,338,RL,Pave,4,882,0,0,882,882,0,1,4,1956
339,339,RL,Pave,4,1258,2,400,1198,1258,0,0,6,1969
340,340,RL,Pave,5,1121,2,480,1121,1121,0,1,5,1963
341,341,RL,Pave,7,2097,3,678,1080,1080,1017,2,9,1993
342,342,RL,Pave,7,1509,2,393,783,807,702,2,8,2003
343,343,RL,Pave,6,864,1,300,864,864,0,1,5,1959
344,344,RM,Pave,5,1015,1,450,768,1015,0,1,6,1925
345,345,RL,Pave,7,1253,2,402,1237,1253,0,2,6,1995
346,346,RL,Pave,5,1040,2,484,1040,1040,0,2,5,1977
347,347,RM,Grvl,5,816,2,516,816,816,0,1,5,1963
348,348,RL,Pave,7,2093,2,542,791,1236,857,2,7,1986
349,349,RL,Pave,5,1601,1,300,533,1021,580,1,6,1958
350,350,RL,Pave,7,2236,2,642,964,993,1243,2,8,1997
351,351,RL,Pave,4,845,1,290,0,845,0,1,5,1957
352,352,RL,Pave,7,1682,2,530,1304,1682,0,2,7,1970
353,353,RL,Pave,8,1624,3,757,1624,1624,0,2,5,1994
354,354,RL,Pave,7,1453,2,445,1453,1453,0,1,6,1986
355,355,RL,Pave,5,1920,2,400,928,928,992,2,10,1948
356,356,RL,Pave,5,1184,0,0,658,658,526,1,8,1910
357,357,RM,Pave,6,1912,2,672,482,1221,691,2,7,1905
358,358,RL,Pave,5,892,1,264,864,892,0,1,5,1966
359,359,RL,Pave,6,1291,2,431,1291,1291,0,1,6,1996
360,360,RL,Pave,9,1856,3,834,1856,1856,0,1,8,2010
361,361,FV,Pave,6,1262,2,572,1262,1262,0,2,5,2006
362,362,RL,Pave,8,1968,3,680,774,774,1194,2,8,2009
363,363,RM,Pave,7,1378,2,360,689,689,689,2,7,1928
364,364,RL,Pave,7,2172,3,947,1063,1071,1101,2,9,2006
365,365,RM,Pave,5,1539,2,576,927,1067,472,1,5,1936
366,366,RL,Pave,6,958,2,440,958,958,0,2,5,1976
367,367,RL,Pave,9,1838,3,765,1838,1838,0,2,8,2006
368,368,RL,Pave,1,904,0,0,683,904,0,0,4,1922
369,369,RL,Pave,5,935,1,288,935,935,0,1,5,1965
370,370,RL,Pave,6,1470,2,388,794,794,676,2,6,1997
371,371,RL,Pave,6,1306,2,624,1306,1306,0,2,5,2005
372,372,RL,Pave,6,1600,2,460,916,916,684,2,7,1997
373,373,RL,Pave,5,990,2,480,990,990,0,1,5,1994
374,374,RL,Pave,5,816,1,264,816,816,0,1,5,1982
375,375,RM,Pave,5,1348,1,216,884,884,464,1,5,1925
376,376,RL,Pave,7,2127,2,525,1223,1223,904,2,5,1994
377,377,RM,Pave,6,1484,0,0,742,742,742,2,9,1914
378,378,FV,Pave,7,1478,2,484,1470,1478,0,2,7,2009
379,379,RL,Pave,8,2028,3,880,1868,2028,0,2,7,2005
380,380,RL,Pave,8,2473,3,852,1143,1143,1330,2,9,2004
381,381,RL,Pave,6,1682,2,523,804,804,878,2,7,1998
382,382,RL,Pave,4,1788,1,304,1104,1104,684,1,8,1957
383,383,RL,Pave,6,1481,2,343,702,702,779,2,6,1994
384,384,RL,Pave,4,1229,1,284,1134,1229,0,1,6,1956
385,385,RL,Pave,5,835,1,366,458,835,0,1,5,1920
386,386,RL,Pave,5,1246,1,305,1246,1246,0,1,6,1959
387,387,RL,Pave,5,1297,2,498,1297,1297,0,1,5,1954
388,388,RL,Pave,5,1700,2,447,1398,1700,0,1,6,1959
389,389,RL,Pave,6,1285,2,528,660,1285,0,1,7,1977
390,390,RL,Pave,5,1048,2,420,0,1048,0,1,7,1950
391,391,RL,Pave,7,2353,2,484,845,1153,1200,2,10,1980
392,392,RM,Pave,6,1012,1,308,1012,1012,0,1,6,1920
393,393,RM,Pave,6,1412,1,280,780,825,587,1,6,1939
394,394,RL,Pave,7,2060,2,390,992,1022,1038,2,8,1999
395,395,RL,Pave,7,1548,2,672,952,952,596,2,5,1925
396,396,RL,Pave,9,1684,2,564,1684,1684,0,2,6,2005
397,397,RL,Pave,5,2274,2,480,1105,1105,1169,2,12,1960
398,398,RL,Pave,7,2013,2,455,1117,1127,886,2,8,1996
399,399,RL,Pave,5,988,2,520,988,988,0,1,4,1954
400,400,FV,Pave,8,1590,2,676,768,786,804,2,6,2008
401,401,RL,Pave,8,1872,2,531,1299,1299,573,2,7,2001
402,402,RL,Pave,8,1800,3,765,1800,1800,0,2,7,2002
403,403,RL,Pave,5,1466,2,528,1466,1466,0,1,6,1959
404,404,RL,Pave,7,1626,2,474,764,764,862,2,6,2003
405,405,RL,Pave,6,1509,2,600,1461,1509,0,2,5,1988
406,406,RL,Pave,8,1665,2,528,810,810,855,2,6,2001
407,407,RL,Pave,8,2531,3,752,1318,1328,1203,2,9,1995
408,408,RL,Pave,4,788,0,0,788,788,0,1,4,1941
409,409,RL,Pave,4,1296,2,516,0,1296,0,2,6,1967
410,410,RL,Pave,7,2418,3,983,1311,1325,1093,2,9,1993
411,411,RL,Pave,10,2084,3,1220,2078,2084,0,2,7,2007
412,412,RM,Pave,7,1774,2,468,952,1022,752,2,8,1931
413,413,RM,Pave,4,936,2,576,936,936,0,1,4,1953
414,414,RL,Pave,6,981,2,576,981,981,0,1,5,1971
415,415,RM,Pave,5,2138,2,360,849,1075,1063,2,11,1898
416,416,RL,Pave,7,2520,3,721,1203,1214,1306,2,9,1995
417,417,FV,Pave,7,1958,3,936,1026,1026,932,2,9,2005
418,418,RM,Pave,5,1517,0,0,793,997,520,2,7,1919
419,419,RL,Pave,3,1733,2,452,0,1733,0,2,8,1955
420,420,RL,Pave,7,1716,2,512,880,909,807,2,7,1996
421,421,RL,Pave,9,1828,3,774,1822,1828,0,2,9,2007
422,422,RM,Pave,10,2775,2,880,1237,1521,1254,3,9,1893
423,423,RL,Pave,9,1668,3,702,1626,1668,0,2,7,2002
424,424,RL,Pave,5,1701,2,611,1390,1701,0,2,6,1975
425,425,RM,Pave,6,1072,2,525,547,1072,0,2,5,2005
426,426,RL,Pave,5,1644,1,312,728,888,756,1,7,1942
427,427,RL,Pave,5,1687,2,572,747,1687,0,1,7,1948
428,428,RL,Pave,4,861,2,539,861,861,0,1,4,1940
429,429,RL,Pave,7,1714,2,496,980,980,734,2,7,1988
430,430,RL,Pave,6,2259,2,450,1809,2259,0,2,7,1953
431,431,RL,Pave,8,1517,2,400,792,792,725,1,7,1929
432,432,RL,Pave,7,1829,2,613,941,941,888,2,7,2003
433,433,RL,Pave,7,1569,3,660,1386,1569,0,2,7,2007
434,434,RL,Pave,8,2526,3,844,1165,1203,1323,2,8,1994
435,435,RL,Pave,5,899,1,288,864,899,0,1,5,1967
436,436,FV,Pave,8,1314,2,552,1300,1314,0,2,6,2009
437,437,RM,Pave,6,1092,1,264,525,525,567,1,6,1971
438,438,RL,Pave,8,1414,2,403,707,707,707,2,6,2004
439,439,RL,Pave,8,2452,3,691,1117,1132,1320,3,9,2004
440,440,RL,Pave,8,1338,2,582,1338,1338,0,2,6,2001
441,441,RL,Pave,5,996,0,0,996,996,0,1,6,1940
442,442,RL,Pave,7,1740,1,240,800,960,780,1,6,1940
443,443,FV,Pave,7,1391,2,530,1391,1391,0,2,5,2004
444,444,RL,Pave,9,2184,3,836,1104,1130,1054,2,10,2008
445,445,RM,Pave,6,1200,1,312,1200,1200,0,1,7,1923
446,446,RM,Pave,6,1198,0,0,901,1088,110,1,7,1920
447,447,RM,Pave,7,1762,2,576,596,998,764,1,8,1920
448,448,RL,Pave,7,2127,3,833,1104,912,1215,2,8,1991
449,449,RL,Pave,5,1050,1,338,1050,1050,0,1,5,1956
450,450,RL,Pave,5,1200,1,240,768,768,432,1,6,1946
451,451,RM,Pave,6,1709,2,380,970,970,739,2,7,2004
452,452,RL,Pave,7,1316,2,440,1316,1316,0,2,6,2007
453,453,RL,Pave,7,1337,2,531,1337,1337,0,2,6,2003
454,454,RL,Pave,6,1194,1,312,1194,1194,0,1,6,1959
455,455,RL,Pave,5,691,1,216,691,691,0,1,4,1920
456,456,RL,Pave,8,1787,3,748,1753,1787,0,2,7,2001
457,457,RM,Pave,7,1709,2,380,970,970,739,2,7,2004
458,458,RM,Pave,4,1092,0,0,0,372,720,2,7,1930
459,459,RL,Pave,5,1347,0,0,1117,820,527,1,5,1910
460,460,RL,Pave,6,1032,2,564,1032,1032,0,2,6,1978
461,461,RM,Pave,6,1616,1,216,1149,1149,467,2,5,1926
462,462,RL,Pave,8,1704,3,772,1704,1704,0,2,7,2007
463,463,RM,Pave,6,2229,0,0,755,929,929,1,8,1912
464,464,RL,Pave,5,2136,2,528,2136,2136,0,2,7,1951
465,465,RL,Pave,3,1040,2,400,0,1040,0,2,6,1949
466,466,RL,Pave,7,1358,2,484,1358,1358,0,2,6,2009
467,467,RL,Pave,7,1314,2,626,1314,1314,0,2,6,2007
468,468,RL,Pave,4,864,0,0,864,864,0,1,5,1971
469,469,RL,Pave,10,2402,3,672,3094,2402,0,2,10,2008
470,470,RL,Pave,5,1155,2,576,1109,1155,0,1,6,1961
471,471,FV,Pave,8,1247,2,550,1247,1247,0,1,4,2005
472,472,RM,Pave,4,1123,1,264,732,772,351,1,4,1939
473,473,RL,Pave,5,1040,2,625,0,1040,0,1,5,1950
474,474,RL,Pave,6,923,1,264,923,923,0,2,5,1980
475,475,RL,Pave,6,1386,2,440,672,672,714,2,6,1978
476,476,RL,Pave,6,1977,2,540,816,1127,850,1,9,1964
477,477,RM,Pave,8,1646,2,482,1594,1646,0,2,5,2004
478,478,RL,Pave,8,1456,2,400,1273,1456,0,2,7,2003
479,479,RL,Pave,7,1504,2,457,1346,1504,0,2,7,2005
480,480,RL,Pave,5,1040,1,384,1040,1040,0,1,5,1965
481,481,FV,Pave,7,1501,2,440,744,757,744,2,6,1999
482,482,RL,Pave,6,1560,2,400,684,684,876,2,6,2005
483,483,RL,Pave,5,1078,2,500,1078,1078,0,1,6,1971
484,484,RL,Pave,5,1721,2,440,1461,1721,0,2,7,1968
485,485,RL,Pave,8,1660,2,500,1660,1660,0,2,8,2006
486,486,RL,Pave,7,1411,2,544,1386,1411,0,2,6,1977
487,487,RL,Pave,7,1258,3,648,1258,1258,0,2,6,2006
488,488,RL,Pave,7,1456,2,440,728,728,728,2,8,2006
489,489,RM,Pave,6,987,1,264,483,483,504,1,4,1971
490,490,RM,Pave,7,854,2,576,832,854,0,1,5,1929
491,491,RL,Pave,9,3140,3,820,1926,1966,1174,3,11,2008
492,492,RL,Pave,6,1603,2,484,761,810,793,2,7,1992
493,493,RL,Grvl,5,1572,3,995,1572,1572,0,1,5,1963
494,494,RL,Pave,5,1200,2,884,864,1200,0,1,6,1965
495,495,RL,Pave,6,1640,2,520,798,798,842,2,6,2004
496,496,RL,Pave,8,3447,3,1014,728,1968,1479,3,11,1935
497,497,RL,Pave,8,1518,2,588,1518,1518,0,1,6,2003
498,498,FV,Pave,7,1768,2,603,866,866,902,2,7,2005
499,499,RL,Pave,4,1132,2,451,1132,1132,0,1,5,2005
500,500,RL,Pave,4,1067,2,436,1067,1067,0,2,4,1950
501,501,RL,Pave,6,2267,2,390,1010,1010,1257,2,8,2002
502,502,RL,Pave,5,864,1,352,864,864,0,1,5,1972
503,503,RL,Pave,7,2097,2,583,1108,1108,989,2,8,1998
504,504,RL,Pave,6,1394,2,514,1394,1394,0,1,6,1963
505,505,RM,Pave,5,1111,1,288,530,581,530,1,6,1920
506,506,RM,Pave,7,1710,2,480,576,902,808,2,9,1921
507,507,RM,Pave,6,1375,1,544,780,780,595,1,6,1937
508,508,RL,Pave,7,1414,2,494,1414,1414,0,2,6,2004
509,509,RL,Pave,6,1294,2,496,1278,1294,0,2,6,1991
510,510,RM,Pave,6,1216,2,402,1216,1216,0,2,5,1998
511,511,RL,Pave,7,1582,2,520,770,770,812,2,6,2004
512,512,RL,Pave,5,1041,1,270,1041,1041,0,1,6,1959
513,513,RL,Pave,8,2872,2,541,1683,2129,743,2,9,1992
514,514,RL,Pave,5,1092,1,299,1092,1092,0,1,6,1957
515,515,RL,Pave,4,1181,2,588,1138,1181,0,2,6,1972
516,516,RL,Pave,5,1696,1,349,1140,1696,0,1,8,1962
517,517,RL,Pave,6,1136,1,384,1136,1136,0,1,5,1965
518,518,RL,Pave,5,827,1,392,0,827,0,1,5,1955
519,519,RM,Pave,4,960,1,308,960,960,0,1,5,1920
520,520,RM,Pave,5,1344,3,513,624,624,720,1,7,1916
521,521,RL,Pave,6,1734,2,440,912,1085,649,1,7,1962
522,522,RL,Pave,6,1656,2,528,1080,1656,0,1,7,1960
523,523,RM,Pave,4,796,0,0,796,796,0,1,5,1922
524,524,RM,Pave,5,1576,1,225,1042,1042,534,1,8,1928
525,525,RM,Pave,6,1218,0,0,672,672,546,1,7,1971
526,526,RM,Pave,6,1368,1,216,684,684,684,1,7,1910
527,527,RL,Pave,5,1734,2,539,0,1302,432,2,8,1977
528,528,RL,Pave,5,864,0,0,864,864,0,1,4,1922
529,529,RL,Pave,5,894,2,600,894,894,0,1,6,1972
530,530,RL,Pave,5,1535,2,400,0,1535,0,2,8,1979
531,531,RM,Pave,5,1301,2,440,1145,1301,0,1,5,1924
532,532,RL,Pave,6,1494,2,576,1479,1494,0,2,6,1997
533,533,RL,Pave,4,930,1,308,0,930,0,1,6,1946
534,534,RL,Pave,8,2365,3,856,1252,1268,1097,2,8,1999
535,535,RL,Pave,6,1824,0,0,912,912,912,2,8,1971
536,536,RL,Pave,7,1146,2,438,868,1146,0,2,6,2003
537,537,RL,Pave,7,1728,2,572,864,864,864,2,7,2004
538,538,RL,Pave,7,1370,2,479,1090,1370,0,2,6,1976
539,539,RL,Pave,5,1314,1,294,1314,1314,0,1,5,1957
540,540,RL,Pave,8,1924,2,592,1086,1086,838,2,7,1998
541,541,RL,Pave,5,792,1,240,768,792,0,1,5,1924
542,542,RL,Pave,7,1908,2,493,915,933,975,2,8,1994
543,543,RL,Pave,4,1374,1,338,840,840,534,1,6,1920
544,544,RL,Pave,6,1484,2,393,783,783,701,2,8,2005
545,545,RL,Pave,5,1203,1,352,709,979,224,1,5,1950
546,546,RL,Pave,6,2112,2,576,952,1092,1020,2,9,1969
547,547,RM,Pave,6,2058,2,396,735,1134,924,1,8,1917
548,548,RL,Pave,7,1797,2,639,939,939,858,2,8,2006
549,549,RL,Pave,7,1164,2,528,1164,1164,0,1,6,1969
550,550,RL,Pave,3,944,2,528,0,944,0,1,4,1952
551,551,RM,Pave,7,1826,1,164,910,916,910,1,7,1915
552,552,RL,Pave,5,1073,2,515,1073,1073,0,1,6,1965
553,553,RL,Pave,7,1533,2,576,1533,1533,0,2,5,1975
554,554,RL,Pave,6,1556,2,441,727,829,727,1,8,1968
555,555,RH,Pave,5,2020,2,630,0,2020,0,2,10,1977
556,556,RL,Pave,7,1310,2,400,1310,1310,0,2,6,2005
557,557,RL,Pave,5,1050,1,368,1050,1050,0,1,6,1961
558,558,RL,Pave,6,1426,2,440,690,698,728,1,6,1977
559,559,RL,Pave,7,1969,2,534,808,1161,808,2,8,1977
560,560,RM,Pave,3,1077,1,210,1007,1077,0,1,6,1922
561,561,RM,Pave,5,1192,1,189,596,596,596,1,6,1920
562,562,RL,Pave,7,1935,2,550,793,1142,793,2,7,1976
563,563,RL,Pave,6,1395,2,497,723,735,660,1,6,1972
564,564,RL,Pave,6,1262,2,460,1262,1262,0,2,6,1976
565,565,RL,Pave,7,2398,3,834,1379,1383,1015,2,8,1996
566,566,RL,Pave,7,2344,3,889,1264,1277,1067,2,7,1996
567,567,RL,Pave,6,1298,2,403,1298,1298,0,2,5,1985
568,568,RL,Pave,7,2263,2,539,795,1468,795,2,9,1977
569,569,RL,Pave,6,1456,2,429,728,728,728,2,8,2006
570,570,RL,Pave,6,1489,1,240,778,944,545,2,7,1940
571,571,RL,Pave,8,1088,2,461,1074,1088,0,1,5,1986
572,572,RM,Pave,6,848,2,420,848,848,0,1,3,2004
573,573,FV,Pave,7,1428,2,480,1428,1428,0,2,6,2007
574,574,RM,Pave,6,1204,2,412,1204,1204,0,2,5,1998
575,575,RL,Pave,6,1310,1,398,617,865,445,2,6,1924
576,576,RL,Pave,7,1836,2,484,1860,1836,0,2,8,2004
577,577,RL,Pave,5,1236,1,447,1070,1236,0,1,6,1957
578,578,RL,Pave,7,1895,2,409,712,1086,809,2,7,1994
579,579,RL,Pave,6,1675,2,502,841,892,783,2,7,1999
580,580,RM,Pave,6,1337,2,405,1237,1337,0,2,5,1998
581,581,RL,Pave,6,1252,2,564,1602,1252,0,1,4,1960
582,582,RL,Pave,9,2224,3,738,1462,1462,762,2,10,2004
583,583,RL,Pave,6,1689,2,480,1436,1689,0,1,7,1956
584,584,RL,Pave,7,1964,2,483,803,1098,866,2,8,1976
585,585,RL,Pave,8,1636,3,865,1623,1636,0,2,8,2006
586,586,RL,Pave,6,1839,2,416,1477,1839,0,2,7,1957
587,587,RL,Pave,7,1863,3,660,879,879,984,2,9,2006
588,588,RL,Pave,7,1564,1,234,704,860,704,1,7,1941
589,589,RL,Pave,9,2121,3,732,2121,2121,0,2,8,2006
590,590,FV,Pave,7,1852,2,644,900,932,920,2,7,2009
591,591,RM,Pave,6,987,1,288,483,483,504,1,5,1972
592,592,RL,Pave,7,2340,1,252,1152,1188,1152,2,9,1941
593,593,RL,Pave,6,1848,2,370,833,1053,795,1,8,1923
594,594,RL,Pave,5,1111,1,200,616,616,495,1,5,1941
595,595,RL,Pave,7,1479,2,577,1468,1479,0,2,6,1999
596,596,RL,Pave,6,1212,2,460,1212,1212,0,2,6,2009
597,597,RL,Pave,8,2270,3,671,1152,1164,1106,2,9,1999
598,598,RL,Pave,7,1555,2,430,1373,1555,0,2,7,2005
599,599,RL,Pave,6,1069,2,440,1069,1069,0,2,4,1977
600,600,RM,Pave,7,1818,1,240,1040,1226,592,1,7,1931
601,601,RL,Pave,6,2108,2,540,1127,1236,872,2,7,1935
602,602,C (all),Pave,4,1317,1,250,649,649,668,1,6,1920
603,603,RL,Pave,6,1743,2,539,702,1041,702,1,7,1968
604,604,RL,Pave,5,894,2,440,864,894,0,1,5,1974
605,605,RL,Pave,8,2727,2,440,853,1549,1178,2,10,1932
606,606,RL,Pave,6,1412,2,432,616,616,796,2,6,2006
607,607,RM,Pave,5,789,1,250,789,789,0,1,5,1948
608,608,RL,Pave,7,1720,2,527,1720,1720,0,2,7,1996
609,609,RL,Pave,6,1217,1,288,626,626,591,1,6,1980
610,610,RL,Pave,7,1630,2,451,1630,1630,0,2,6,2000
611,611,RL,Pave,7,3222,3,594,1673,1699,1523,3,11,1990
612,612,RL,Pave,8,1904,2,736,1058,1058,846,2,8,2005
613,613,RL,Pave,5,1144,1,264,864,1144,0,1,6,1961
614,614,RM,Pave,5,936,2,672,936,936,0,1,4,1980
615,615,RL,Pave,5,1600,1,319,1484,1600,0,1,6,1957
616,616,RL,Pave,6,1416,2,776,708,708,708,2,7,1968
617,617,RL,Pave,5,1144,2,456,1144,1144,0,1,6,1961
618,618,RL,Pave,3,1214,3,936,672,694,520,1,6,1915
619,619,RL,Pave,7,1861,2,492,916,920,941,2,8,2002
620,620,RL,Pave,4,948,1,280,948,948,0,1,5,1954
621,621,RL,Pave,8,1360,2,565,1220,1360,0,1,4,1984
622,622,RL,Pave,4,864,2,660,864,864,0,1,5,1970
623,623,RL,Pave,6,1574,2,566,796,790,784,2,6,1976
624,624,RL,Pave,5,990,2,576,990,990,0,1,5,1995
625,625,RH,Pave,5,1520,1,281,793,848,672,1,6,1932
626,626,RL,Pave,8,2520,3,796,1338,1352,1168,2,10,1993
627,627,RL,Pave,9,2868,3,716,1992,1992,876,3,11,2005
628,628,RL,Pave,7,1801,2,484,1501,1801,0,2,6,1959
629,629,RL,Pave,5,1056,2,572,1056,1056,0,1,5,1955
630,630,RL,Pave,7,1717,3,642,756,961,756,1,7,1915
631,631,RL,Pave,4,960,1,432,960,960,0,1,6,1965
632,632,RM,Pave,7,1108,1,280,637,1108,0,1,6,1930
633,633,RM,Pave,5,1365,2,440,765,765,600,1,7,1970
634,634,RM,Pave,5,1558,1,282,910,910,648,1,6,1950
635,635,RL,Pave,4,1100,1,312,1100,1100,0,1,6,1960
636,636,RL,Pave,8,1826,3,758,1814,1826,0,2,7,2005
637,637,RL,Pave,6,1632,1,338,1240,1632,0,2,6,1958
638,638,RL,Pave,9,1698,3,768,1698,1698,0,2,8,2007
639,639,RL,Pave,8,2468,3,872,1136,1136,1332,2,10,2004
640,640,RM,Pave,7,2640,4,864,1240,1320,1320,1,8,1880
641,641,RL,Pave,6,1375,2,451,1367,1375,0,1,5,1954
642,642,RL,Pave,4,948,1,248,864,948,0,1,5,1954
643,643,RM,Pave,5,886,1,273,190,886,0,1,4,1938
644,644,RL,Pave,5,1063,1,280,1056,1063,0,1,6,1954
645,645,RM,Pave,5,1416,3,720,876,876,540,1,7,1915
646,646,RL,Pave,5,1344,1,484,1024,1344,0,1,6,1958
647,647,RL,Pave,7,1208,2,628,1208,1208,0,2,6,2007
648,648,RL,Pave,4,1192,0,0,720,720,472,1,6,1949
649,649,FV,Pave,6,1218,2,676,1218,1218,0,2,4,2009
650,650,RL,Pave,5,1656,2,506,1656,1656,0,2,8,1973
651,651,RL,Pave,6,1520,1,364,1156,1520,0,1,7,1955
652,652,RL,Pave,5,816,1,308,816,816,0,1,5,1957
653,653,RL,Pave,6,1710,2,506,832,832,878,2,7,1993
654,654,RL,Pave,5,1040,1,260,1040,1040,0,1,6,1962
655,655,RL,Pave,7,2090,2,577,1190,1190,900,2,6,1984
656,656,FV,Pave,7,1200,2,480,600,600,600,2,4,2004
657,657,RL,Pave,7,2031,2,541,1153,1153,878,2,8,1998
658,658,RL,Pave,5,1124,0,0,0,1124,0,1,5,1954
659,659,RL,Pave,5,1524,1,315,874,874,650,1,7,1958
660,660,RL,Pave,8,1646,3,870,1638,1646,0,2,6,2006
661,661,RL,Pave,8,1734,3,928,1734,1734,0,2,7,2007
662,662,RL,Pave,7,1504,2,478,1504,1504,0,2,6,1996
663,663,FV,Pave,10,2007,3,812,1017,1026,981,2,10,2008
664,664,RL,Pave,6,1478,2,442,1478,1478,0,1,6,1957
665,665,RL,Pave,6,2624,3,864,1370,1370,1254,2,10,1918
666,666,RL,Pave,9,1842,3,894,1842,1842,0,0,5,1981
667,667,RL,Pave,5,833,1,326,833,833,0,1,4,1954
668,668,RL,Pave,9,2504,3,656,1122,1134,1370,2,11,2005
669,669,RL,Pave,8,1496,2,474,1496,1496,0,2,7,2007
670,670,RL,Pave,7,1616,3,834,1616,1616,0,2,7,2005
671,671,RL,Pave,9,2668,3,726,1572,1572,1096,2,10,2003
672,672,RL,Pave,6,1680,1,308,840,840,840,2,8,1915
673,673,FV,Pave,7,1372,2,529,1372,1372,0,2,6,2007
674,674,RL,Pave,7,2110,2,463,948,1222,888,2,8,1994
675,675,RL,Pave,4,1180,1,252,700,1180,0,1,5,1922
676,676,RL,Pave,10,2633,3,804,2633,2633,0,2,8,2001
677,677,RL,Pave,6,980,0,0,945,980,0,2,4,1975
678,678,RL,Pave,5,1130,2,720,1120,1130,0,1,5,1920
679,679,RM,Pave,5,1131,1,200,676,676,455,1,5,1941
680,680,RL,Pave,8,1652,2,499,1494,1652,0,2,6,2000
681,681,RL,Pave,8,1976,3,908,1976,1976,0,2,7,2006
682,682,RL,Pave,5,2080,2,504,1040,1040,1040,1,9,1969
683,683,RL,Pave,5,1110,2,602,1097,1110,0,1,4,1978
684,684,RL,Pave,8,3194,2,380,965,1940,1254,2,10,1934
685,685,RM,Pave,5,1960,2,400,960,960,1000,2,10,1952
686,686,FV,Pave,7,1241,2,569,1241,1241,0,1,4,2006
687,687,RL,Pave,6,1690,2,463,924,948,742,2,7,2000
688,688,RL,Pave,6,1054,2,480,936,1054,0,1,6,1963
689,689,RL,Pave,5,1728,2,576,1728,1728,0,2,10,1965
690,690,RL,Pave,5,1620,2,462,780,780,840,2,7,1969
691,691,RL,Pave,6,1824,2,520,764,1060,764,1,8,1919
692,692,RL,Pave,5,1319,1,270,608,1319,0,1,5,1953
693,693,RL,Pave,7,1494,2,530,1494,1494,0,2,6,2002
694,694,RH,Pave,6,1337,2,511,1405,1337,0,2,5,1998
695,695,RL,Pave,6,1586,2,435,1362,1586,0,2,7,1979
696,696,RL,Pave,6,912,2,470,888,912,0,1,5,1978
697,697,RL,Pave,5,990,1,299,990,990,0,1,5,1994
698,698,RL,Pave,6,2872,2,619,1330,1542,1330,2,11,1977
699,699,RL,Pave,8,1987,2,691,1986,1987,0,2,7,1994
700,700,RM,Pave,6,987,1,280,483,483,504,1,5,1970
701,701,RL,Pave,6,1322,2,440,855,855,467,2,6,1974
702,702,RM,Pave,4,901,1,281,901,901,0,1,4,1954
703,703,RL,Pave,8,1801,3,800,893,901,900,2,8,2005
704,704,RL,Pave,6,1660,1,240,715,849,811,1,6,1934
705,705,RL,Pave,8,2622,2,712,1463,1500,1122,2,9,1994
706,706,RM,Pave,5,1285,1,240,672,1072,213,1,6,1948
707,707,RM,Pave,7,3493,3,870,1470,1675,1818,3,10,1880
708,708,RL,Pave,6,1664,2,460,953,953,711,2,7,2000
709,709,RL,Pave,7,3082,2,672,824,1687,998,2,12,1920
710,710,RL,Pave,6,1194,2,539,655,1194,0,1,6,1959
711,711,RL,Pave,8,1630,3,860,1622,1630,0,2,8,2008
712,712,RL,Pave,6,1571,2,380,799,799,772,2,7,1993
713,713,RL,Pave,4,1040,2,420,0,1040,0,2,6,1949
714,714,RL,Pave,7,1986,2,486,768,1186,800,2,7,1965
715,715,RM,Pave,4,912,0,0,0,672,240,1,3,1947
716,716,RM,Pave,5,1316,2,484,926,926,0,1,6,1929
717,717,RM,Pave,5,1344,1,240,896,896,448,1,7,1936
718,718,RM,Pave,4,1196,2,440,1196,1196,0,1,5,1916
719,719,RM,Pave,6,1218,2,440,735,869,349,1,6,1941
720,720,RL,Pave,6,1196,2,528,684,684,512,1,7,1920
721,721,RL,Pave,8,1296,2,471,1267,1296,0,2,6,2001
722,722,RL,Pave,6,1494,1,213,771,753,741,1,7,1942
723,723,RL,Pave,5,988,2,572,988,988,0,1,5,1961
724,724,RL,Pave,5,1507,1,404,1075,1507,0,2,7,1960
725,725,RL,Pave,5,2601,2,621,612,990,1611,3,8,1921
726,726,RL,Pave,6,1800,2,463,982,1007,793,2,7,2000
727,727,RM,Pave,7,1641,2,546,728,832,809,1,6,1925
728,728,RM,Pave,4,1363,2,528,622,741,622,1,6,1910
729,729,RL,Pave,6,1700,2,544,1682,1700,0,2,7,2003
730,730,RL,Pave,6,1500,2,564,750,750,750,2,6,2005
731,731,RL,Pave,7,1656,2,397,746,760,896,2,7,2003
732,732,RL,Pave,6,1686,2,612,1686,1686,0,2,7,1980
733,733,RL,Pave,4,864,2,528,864,864,0,1,5,1971
734,734,RM,Pave,6,1072,2,525,547,1072,0,1,5,2005
735,735,RL,Pave,5,910,2,414,105,910,0,1,5,1953
736,736,FV,Pave,8,1566,2,750,1566,1566,0,2,7,2008
737,737,RL,Pave,6,1647,2,460,953,953,694,2,7,1999
738,738,RL,Pave,5,1008,1,275,1008,1008,0,1,4,1954
739,739,RM,Pave,4,630,1,286,630,630,0,1,3,1970
740,740,RL,Pave,7,1954,2,431,798,1137,817,1,8,1939
741,741,RM,Pave,6,1376,1,198,780,780,596,2,7,1937
742,742,RL,Pave,8,1578,3,840,1573,1578,0,2,7,2008
743,743,RL,Pave,5,892,1,288,892,892,0,1,5,1967
744,744,RL,Pave,5,1265,2,502,1219,1265,0,2,6,1965
745,745,RL,Pave,8,2704,2,538,1952,2000,704,2,9,1972
746,746,RL,Pave,6,2142,1,509,896,1182,960,2,8,1968
747,747,RM,Pave,6,987,1,264,483,483,504,1,5,1973
748,748,RL,Pave,6,1252,1,288,1032,1032,220,1,6,1950
749,749,RL,Pave,8,2448,3,711,1629,1686,762,2,8,1994
750,750,RL,Pave,5,1784,1,180,747,892,892,1,9,1914
751,751,RL,Pave,5,1716,1,281,768,1148,568,1,8,1949
752,752,RL,Pave,7,1654,3,900,1654,1654,0,2,6,2002
753,753,FV,Pave,7,1947,2,678,991,991,956,2,8,2004
754,754,RL,Pave,7,1982,2,575,807,1175,807,2,7,1989
755,755,RL,Pave,8,2417,2,462,1288,1301,1116,2,9,1991
756,756,RM,Pave,5,1432,2,360,264,768,664,2,7,1910
757,757,RL,Pave,6,1096,0,0,572,572,524,1,5,1924
758,758,RL,Pave,5,894,1,308,894,894,0,1,5,1976
759,759,RL,Pave,6,1509,2,393,783,807,702,2,7,2002
760,760,RL,Pave,8,1989,2,586,1065,1091,898,2,7,2002
761,761,RM,Pave,6,1176,2,624,698,786,390,1,4,1937
762,762,RM,Pave,5,804,1,240,788,804,0,1,4,1940
763,763,RL,Pave,5,1040,1,308,1040,1040,0,1,5,1963
764,764,RL,Pave,6,2380,2,596,1021,1465,915,2,7,1965
765,765,RL,Pave,8,1707,2,511,1686,1707,0,2,6,1981
766,766,RL,Pave,5,912,1,288,912,912,0,1,5,1964
767,767,RL,Pave,6,1651,2,616,1606,1651,0,2,7,1986
768,768,RL,Pave,6,912,1,288,912,912,0,1,5,1961
769,769,RM,Pave,7,1389,1,240,651,707,682,1,6,1946
770,770,RL,Pave,7,1434,2,527,1454,1434,0,2,6,2001
771,771,RL,Pave,6,1478,2,498,1478,1478,0,2,6,1960
772,772,RM,Pave,8,1666,1,228,588,833,833,1,7,1925
773,773,RL,Pave,5,1505,1,240,883,988,517,1,8,1940
774,774,RM,Pave,6,1928,1,440,1020,908,1020,2,9,1910
775,775,RL,Pave,6,1252,2,528,1252,1252,0,1,7,1959
776,776,RL,Pave,5,1437,2,576,1188,1437,0,1,6,1956
777,777,RL,Pave,5,864,1,336,864,864,0,1,6,1978
778,778,RM,Pave,4,630,0,0,630,630,0,1,3,1970
779,779,RH,Pave,6,3395,0,0,1440,1440,1440,2,14,1914
780,780,RL,Pave,7,1733,2,433,847,847,886,2,7,2003
781,781,RL,Pave,6,1414,2,601,1184,1414,0,1,6,1958
782,782,RL,Pave,5,1383,1,354,1383,1383,0,1,6,1954
783,783,RL,Pave,6,1141,2,484,1141,1141,0,1,6,2005
784,784,RL,Pave,6,838,1,275,816,838,0,1,5,1918
785,785,RL,Pave,6,1657,2,484,1657,1657,0,2,7,1970
786,786,RL,Pave,3,864,1,200,864,864,0,1,5,1914
787,787,RL,Pave,6,1516,2,472,1516,1516,0,1,6,1964
788,788,FV,Pave,6,1458,2,440,729,729,729,2,5,1999
789,789,RL,Pave,6,1604,2,470,926,926,678,2,7,1997
790,790,RL,Pave,7,1646,1,240,918,918,728,2,7,1941
791,791,RL,Pave,6,1572,2,373,806,806,766,2,7,1995
792,792,RL,Pave,6,1792,2,451,936,962,830,2,8,2000
793,793,RL,Pave,8,1768,2,578,866,866,902,2,7,2007
794,794,FV,Pave,6,1471,2,440,729,742,729,2,6,1999
795,795,RL,Pave,6,1458,1,330,912,912,546,1,6,1948
796,796,RL,Pave,7,1902,2,567,1902,1902,0,2,7,1959
797,797,RL,Pave,5,1144,1,336,1144,1144,0,1,6,1963
798,798,RL,Pave,8,2392,3,870,1396,1407,985,2,7,1997
799,799,RL,Pave,7,1498,2,675,1498,1498,0,2,5,2006
800,800,RL,Pave,7,1744,2,457,996,1014,730,2,7,1993
801,801,RL,Pave,7,1364,2,484,1364,1364,0,2,6,2005
802,802,RL,Pave,5,1968,2,530,784,1168,800,2,7,1969
803,803,RL,Pave,5,864,1,288,864,864,0,1,5,1972
804,804,RL,Pave,8,1710,3,866,1710,1710,0,2,6,2007
805,805,RL,Pave,5,971,1,300,971,971,0,1,5,1969
806,806,RL,Pave,5,1339,1,294,1029,1339,0,1,6,1958
807,807,RM,Pave,4,630,0,0,630,630,0,1,3,1972
808,808,RL,Pave,7,2110,2,522,2110,2110,0,2,8,1968
809,809,RL,Pave,6,2134,2,441,844,1445,689,2,10,1916
810,810,RL,Pave,4,907,1,352,907,907,0,1,5,1957
811,811,RL,Pave,3,729,0,0,270,729,0,1,5,1935
812,812,RM,Pave,5,1122,2,528,924,1122,0,1,6,1948
813,813,RL,Pave,6,1114,2,576,1114,1114,0,1,6,2003
814,814,RM,Pave,5,840,0,0,672,840,0,1,5,1930
815,815,RL,Pave,6,2119,2,583,689,1378,741,2,7,1972
816,816,RL,Pave,5,893,2,576,845,893,0,1,4,1949
817,817,RL,Pave,7,1680,2,583,1650,1680,0,2,7,1998
818,818,FV,Pave,9,1709,2,506,1698,1709,0,2,5,1999
819,819,RL,Pave,8,1694,3,776,1694,1694,0,2,7,2008
820,820,RM,Pave,6,1218,1,264,672,672,546,1,7,1972
821,821,RL,Pave,5,900,1,288,864,900,0,1,6,1967
822,822,RL,Pave,7,2156,2,508,1568,2156,0,2,9,1968
823,823,FV,Pave,7,1252,2,462,600,624,628,2,4,1999
824,824,RL,Pave,7,2784,2,564,1392,1392,1392,3,12,1978
825,825,C (all),Grvl,3,894,3,1248,894,894,0,1,6,1935
826,826,RL,Pave,4,2230,1,440,795,954,795,1,10,1912
827,827,RL,Pave,5,1114,2,576,1114,1114,0,1,6,2004
828,828,RL,Pave,8,3238,3,666,2033,2053,1185,2,9,1995
829,829,RL,Pave,5,1099,1,352,1099,1099,0,1,6,1995
830,830,RL,Pave,5,1211,1,322,952,1211,0,1,5,1968
831,831,RL,Pave,5,902,1,288,876,902,0,1,6,1967
832,832,RL,Pave,7,1242,2,528,1242,1242,0,1,6,1973
833,833,RL,Pave,5,894,1,336,894,894,0,1,5,1965
834,834,RM,Pave,4,1452,0,0,736,736,716,2,8,1920
835,835,RL,Pave,8,1337,2,462,1337,1337,0,2,5,1993
836,836,RL,Pave,5,1343,1,186,731,820,523,1,7,1921
837,837,RL,Pave,7,1368,2,474,1368,1368,0,2,6,2005
838,838,RL,Pave,3,1040,2,400,0,1040,0,2,6,1950
839,839,RL,Pave,8,1911,2,471,777,1065,846,2,8,1993
840,840,RL,Pave,5,1256,1,276,1256,1256,0,1,6,1965
841,841,RL,Pave,5,773,1,240,773,773,0,1,4,1953
842,842,RH,Pave,4,841,1,294,721,841,0,1,4,1950
843,843,RL,Pave,6,1876,2,540,901,943,933,2,8,1974
844,844,RL,Pave,5,1271,1,312,720,720,551,2,7,1948
845,845,RL,Pave,7,2021,2,422,868,887,1134,2,9,2006
846,846,RL,Pave,7,1792,2,564,963,963,829,2,7,2001
847,847,RL,Pave,6,1167,2,400,1158,1167,0,2,6,1992
848,848,RL,Pave,6,1392,2,458,1392,1392,0,1,6,1957
849,849,RL,Pave,5,1039,2,504,1039,1039,0,1,6,1965
850,850,RL,Pave,5,1604,2,660,984,984,620,2,6,1941
851,851,RL,Pave,6,2555,2,672,588,1423,748,2,11,1922
852,852,RL,Pave,6,1498,2,409,691,691,807,2,6,1995
853,853,RL,Pave,10,4316,3,832,2444,2444,1872,3,10,1994
854,854,RL,Pave,6,1200,2,521,1200,1200,0,2,6,1995
855,855,RL,Pave,8,3228,2,546,3200,3228,0,3,10,1992
856,856,RL,Pave,6,1564,2,476,650,888,676,2,7,1980
857,857,RL,Pave,6,1138,1,264,588,1138,0,1,6,1958
858,858,RL,Pave,5,1812,1,264,864,876,936,2,8,1962
859,859,RL,Pave,5,1728,1,352,1728,1728,0,2,10,1964
860,860,RL,Pave,5,900,1,280,882,900,0,1,5,1967
861,861,RM,Pave,6,987,1,264,483,483,504,1,5,1971
862,862,RL,Pave,7,1850,2,467,973,979,871,2,7,1994
863,863,RL,Pave,6,1412,2,576,1392,1412,0,2,6,1988
864,864,RL,Pave,6,1567,2,714,1567,1567,0,2,5,1977
865,865,RL,Pave,7,1971,2,689,1113,1113,858,2,8,2005
866,866,RL,Pave,5,1803,2,484,1134,1803,0,2,8,1957
867,867,RL,Pave,8,1601,2,670,1581,1601,0,2,6,2001
868,868,RL,Pave,8,2020,2,466,1128,1142,878,2,8,1995
869,869,RL,Pave,6,1456,2,440,855,855,601,2,7,1976
870,870,RL,Pave,7,1670,3,690,1670,1670,0,2,7,2006
871,871,RM,Pave,5,1728,2,504,1728,1728,0,2,10,1963
872,872,RL,Pave,5,1712,2,588,1626,1712,0,2,8,1959
873,873,RL,Pave,5,780,1,352,780,780,0,1,4,1972
874,874,RL,Pave,2,438,1,246,290,438,0,1,3,1920
875,875,RL,Pave,5,1771,2,336,0,1771,0,1,9,1960
876,876,RL,Pave,5,864,0,0,864,864,0,1,5,1925
877,877,RM,Pave,5,1302,1,264,630,630,672,2,6,1972
878,878,RL,Grvl,6,816,0,0,816,816,0,1,5,1990
879,879,RL,Pave,4,1005,2,672,1005,1005,0,1,5,1955
880,880,RL,Pave,6,1721,2,471,928,936,785,2,7,1994
881,881,RL,Pave,6,1080,1,288,1080,1080,0,1,5,1958
882,882,RL,Pave,9,1702,3,1052,1702,1702,0,1,7,2008
883,883,RM,Pave,6,848,2,420,848,848,0,1,4,2003
884,884,RM,Pave,4,1131,2,672,907,1131,0,1,7,1937
885,885,RM,Pave,5,784,0,0,784,784,0,1,5,1924
886,886,RL,Pave,5,1394,2,400,384,754,640,2,7,2006
887,887,C (all),Grvl,5,1044,2,504,540,1044,0,1,4,1952
888,888,RL,Pave,5,1287,2,576,1063,1287,0,1,7,1959
889,889,RL,Pave,6,790,1,160,768,790,0,1,4,1930
890,890,RL,Pave,5,1526,1,364,1216,1526,0,1,7,1957
891,891,RM,Pave,5,1022,1,280,1022,1022,0,1,4,1910
892,892,RL,Pave,5,1268,1,244,1268,1268,0,1,7,1954
893,893,RL,Pave,5,864,1,338,864,864,0,1,5,1972
894,894,RL,Pave,7,2291,2,429,975,1005,1286,2,8,1999
895,895,RL,Pave,6,1003,2,588,1003,1003,0,1,6,1984
896,896,RL,Pave,5,864,2,572,864,864,0,1,5,1955
897,897,RL,Pave,8,2574,3,868,1482,1482,1092,2,10,2007
898,898,RM,Pave,5,1750,1,240,636,1089,661,1,8,1880
899,899,RL,Pave,5,1904,1,240,1208,1136,768,1,7,1950
900,900,RL,Pave,4,1040,2,648,1064,1040,0,1,5,1963
901,901,RL,Pave,7,2462,2,576,1392,1392,1070,2,9,2005
902,902,RL,Pave,6,1511,2,413,802,802,709,2,8,1997
903,903,RM,Pave,6,1103,2,440,1103,1103,0,1,5,1925
904,904,RL,Pave,5,1092,1,288,1092,1092,0,1,6,1962
905,905,RL,Pave,5,1002,2,902,1002,1002,0,1,5,1970
906,906,RL,Pave,4,1663,2,529,1364,1663,0,1,6,1954
907,907,RL,Pave,6,1279,2,473,1196,1279,0,2,6,1977
908,908,RL,Pave,6,1165,2,490,1127,1165,0,1,6,1966
909,909,RL,Pave,8,1419,2,567,1419,1419,0,2,7,2007
910,910,RL,Pave,5,924,1,280,924,924,0,1,5,1975
911,911,RL,Pave,5,1535,2,410,0,1535,0,2,8,1979
912,912,RL,Pave,6,1316,2,397,1316,1316,0,2,6,2005
913,913,RL,Pave,7,1779,2,546,866,866,913,2,6,1998
914,914,RL,Pave,6,2320,1,180,1028,1436,884,2,9,1945
915,915,RL,Pave,7,1978,2,486,832,1098,880,2,9,1968
916,916,RL,Pave,5,1086,2,490,1086,1086,0,1,6,1954
917,917,RL,Pave,6,2030,2,551,848,1118,912,2,8,1976
918,918,RL,Pave,4,869,0,0,440,869,0,1,4,1923
919,919,RL,Pave,5,1144,1,796,1144,1144,0,1,6,1959
920,920,RL,Pave,8,2263,2,905,1055,1055,1208,2,7,2001
921,921,RL,Pave,7,1776,2,474,936,936,840,2,7,2002
922,922,RL,Pave,7,1456,2,410,728,728,728,2,7,2005
923,923,RM,Pave,4,630,1,286,630,630,0,1,3,1970
924,924,RL,Pave,6,1445,2,645,1127,1445,0,1,7,1964
925,925,RL,Pave,6,1158,2,576,1158,1158,0,1,5,2004
926,926,C (all),Pave,6,2291,2,506,1214,1260,1031,2,9,1910
927,927,RL,Pave,6,1602,2,529,1602,1602,0,2,8,1977
928,928,RL,Pave,5,1308,1,256,728,976,332,1,7,1940
929,929,RL,Pave,7,1459,2,527,1459,1459,0,2,6,2002
930,930,RL,Pave,7,2167,2,518,1192,1516,651,2,9,1974
931,931,RL,Pave,8,2262,3,749,1482,1482,780,2,10,2003
932,932,FV,Pave,7,1250,2,625,625,625,625,2,5,2006
933,933,RL,Pave,6,1314,2,440,1314,1314,0,2,6,2006
934,934,RL,Pave,5,1060,1,270,1060,1060,0,1,6,1968
935,935,RL,Pave,6,1309,2,484,1040,1309,0,1,5,1974
936,936,RL,Pave,5,1320,2,564,1164,1320,0,1,6,1966
937,937,RL,Pave,7,1212,2,573,1212,1212,0,2,6,2001
938,938,RL,Pave,4,858,1,684,858,858,0,1,4,1971
939,939,RL,Pave,5,1691,1,308,1026,1026,665,2,6,1924
940,940,RL,Pave,8,2263,2,420,1141,1165,1098,2,10,1998
941,941,RM,Pave,5,2337,2,560,662,1422,915,2,10,1900
942,942,RL,Pave,5,1078,1,240,1078,1078,0,1,5,1950
943,943,RL,Pave,4,1225,0,0,950,1225,0,1,6,1959
944,944,RL,Pave,8,2524,2,542,2524,2524,0,2,9,1981
945,945,RL,Pave,7,2329,2,514,1475,1532,797,2,10,1990
946,946,RL,Pave,5,1178,2,439,1176,1178,0,1,5,1973
947,947,RL,Pave,5,1040,0,0,1040,1040,0,2,5,1978
948,948,RL,Pave,6,1118,1,358,1096,1118,0,1,6,1977
949,949,RL,Pave,5,954,1,240,920,954,0,1,5,1938
950,950,RL,Pave,6,1635,2,440,1065,915,720,1,6,1923
951,951,RL,Pave,9,2234,3,1166,2216,2234,0,2,9,2008
952,952,RL,Pave,6,1113,1,504,1143,1113,0,1,6,1976
953,953,FV,Pave,7,1950,2,576,975,975,975,2,7,1997
954,954,RL,Pave,7,2022,2,505,1160,1156,866,2,8,1977
955,955,RL,Pave,5,894,2,552,894,894,0,1,5,1972
956,956,RM,Pave,7,2082,2,484,1362,1362,720,2,6,2003
957,957,RM,Pave,5,1344,1,468,672,672,672,1,6,1920
958,958,RL,Pave,7,1720,2,440,840,840,880,2,7,2004
959,959,RL,Pave,4,1152,0,0,0,1152,0,2,6,1955
960,960,FV,Pave,7,1200,2,480,600,520,600,2,4,2005
961,961,RL,Pave,8,2630,3,696,1470,1470,1160,2,8,1998
962,962,RM,Pave,5,1513,1,180,939,939,574,1,8,1920
963,963,RL,Pave,5,1216,1,336,832,832,384,1,6,1947
964,964,RL,Pave,7,1922,2,672,0,495,1427,3,7,2003
965,965,FV,Pave,8,1739,2,480,970,983,756,2,7,1999
966,966,FV,Pave,7,1223,2,480,600,520,623,2,4,2005
967,967,FV,Pave,7,1665,2,562,813,822,843,2,7,2007
968,968,RL,Pave,5,1389,2,418,1389,1389,0,1,6,1974
969,969,RL,Pave,7,1484,2,606,1473,1484,0,2,7,2004
970,970,RM,Pave,5,1365,2,440,765,765,600,1,6,1971
971,971,RL,Pave,8,2612,3,676,1225,1276,1336,2,8,1998
972,972,RL,Pave,6,2654,2,619,1054,1512,1142,2,9,1968
973,973,RL,Pave,7,2223,2,516,2223,2223,0,2,8,1973
974,974,RL,Pave,7,2034,2,645,1057,1057,977,2,8,1997
975,975,RL,Pave,8,2042,3,1390,2042,2042,0,2,8,2008
976,976,RL,Pave,6,1392,2,576,1392,1392,0,1,5,1968
977,977,RM,Pave,4,630,0,0,630,630,0,1,3,1972
978,978,RM,Pave,5,1440,1,352,540,889,551,1,6,1900
979,979,RL,Pave,5,864,2,720,864,864,0,1,5,1950
980,980,RL,Pave,7,1266,2,388,1266,1266,0,2,6,2007
981,981,RL,Pave,4,952,1,283,952,952,0,1,4,1956
982,982,RM,Pave,8,1652,2,482,1600,1652,0,2,5,2008
983,983,RL,Pave,5,1096,1,299,1096,1096,0,1,6,1969
984,984,RL,Pave,5,833,0,0,833,833,0,1,5,1985
985,985,RL,Pave,6,1593,2,389,808,808,785,2,7,1992
986,986,RL,Pave,5,864,1,360,864,864,0,1,5,1965
987,987,RL,Pave,7,1557,2,420,1374,1557,0,2,7,2003
988,988,RL,Pave,5,2126,2,538,1013,1160,966,2,7,1967
989,989,FV,Pave,7,1250,2,528,625,625,625,2,5,2006
990,990,RL,Pave,6,1396,1,384,698,698,698,1,7,1915
991,991,RL,Pave,6,1479,2,475,725,725,754,2,6,1976
992,992,RM,Pave,6,848,2,420,848,848,0,1,3,2003
993,993,RL,Pave,8,1419,2,527,408,779,640,2,7,2002
994,994,RL,Pave,5,1269,1,308,1269,1269,0,1,6,1960
995,995,RL,Pave,10,4676,3,884,3138,3138,1538,3,11,2007
996,996,RL,Pave,10,2945,3,641,1410,1426,1519,3,10,2006
997,997,RM,Pave,7,1358,2,484,1358,1358,0,2,6,2004
998,998,FV,Pave,7,2094,2,615,912,912,1182,2,8,2003
999,999,RL,Pave,6,958,2,440,1078,958,0,2,5,1976
1000,1000,RM,Pave,6,848,2,420,848,848,0,1,3,2003
1001,1001,FV,Pave,8,1489,2,776,1489,1489,0,2,7,2006
1002,1002,RL,Pave,7,1530,2,430,1530,1530,0,2,7,2005
1003,1003,RL,Pave,5,1188,2,531,1188,1188,0,1,6,1959
1004,1004,RL,Pave,4,1622,4,1356,1249,1622,0,1,7,1961
1005,1005,RM,Pave,6,848,2,420,848,848,0,1,4,2004
1006,1006,RM,Pave,6,848,2,420,848,848,0,1,4,2003
1007,1007,RL,Pave,5,980,2,484,980,980,0,1,6,1977
1008,1008,RL,Pave,5,1362,2,480,796,796,566,1,5,1993
1009,1009,RL,Pave,5,2240,2,528,0,1120,1120,2,12,1979
1010,1010,RL,Pave,5,1306,1,756,992,1306,0,1,5,1957
1011,1011,RM,Pave,6,1176,2,528,816,816,0,1,6,1934
1012,1012,RL,Pave,4,1224,2,462,0,1224,0,2,6,1962
1013,1013,RM,Pave,5,630,0,0,630,630,0,1,3,1970
1014,1014,RL,Pave,4,1620,2,490,1281,1620,0,2,8,1976
1015,1015,RM,Pave,5,2372,1,432,994,1378,994,2,11,1892
1016,1016,RL,Pave,6,1993,2,495,825,1097,896,2,8,1971
1017,1017,RL,Pave,7,1320,2,400,660,660,660,2,6,2003
1018,1018,RM,Pave,6,987,1,264,483,483,504,1,5,1973
1019,1019,RL,Pave,6,1505,2,505,1505,1505,0,1,6,1953
1020,1020,RL,Pave,8,2450,3,1069,1284,1310,1140,2,7,1998
1021,1021,RL,Pave,7,1173,2,528,1053,1173,0,2,6,1974
1022,1022,RL,Pave,4,1126,2,520,0,1126,0,2,5,1949
1023,1023,RL,Pave,7,1718,2,427,832,885,833,2,7,1998
1024,1024,RL,Pave,7,1501,2,577,1490,1501,0,2,6,1999
1025,1025,RL,Pave,6,996,2,564,936,996,0,1,5,1992
1026,1026,RL,Pave,8,1973,3,895,1935,1973,0,2,9,2006
1027,1027,RL,Pave,6,1484,2,390,742,742,742,2,8,2005
1028,1028,RL,Pave,7,1959,3,766,1907,1959,0,3,9,1988
1029,1029,RL,Pave,6,1577,1,312,972,972,605,1,6,1939
1030,1030,RL,Pave,5,2200,0,0,1272,1272,928,2,9,1900
1031,1031,RM,Pave,5,1795,1,352,1050,1050,745,2,7,1954
1032,1032,RL,Pave,5,928,1,252,928,928,0,1,4,1956
1033,1033,RL,Pave,5,912,1,275,912,912,0,1,5,1958
1034,1034,RL,Pave,5,1120,0,0,1120,1120,0,1,6,2007
1035,1035,RL,Pave,7,999,2,588,944,999,0,1,6,1961
1036,1036,RL,Pave,5,1164,1,240,1164,1164,0,1,5,1950
1037,1037,RL,Pave,5,1214,1,318,1214,1214,0,2,5,1967
1038,1038,RL,Pave,6,1212,2,492,506,1212,0,1,6,1977
1039,1039,RL,Pave,5,999,1,264,999,999,0,1,6,1962
1040,1040,RL,Pave,6,988,2,540,938,988,0,1,4,1969
1041,1041,RL,Pave,4,960,1,288,672,960,0,1,5,1956
1042,1042,RL,Pave,7,1442,2,500,1424,1442,0,2,5,1990
1043,1043,RL,Pave,7,2287,2,667,1304,1304,983,2,7,1953
1044,1044,RL,Pave,6,1593,2,398,839,864,729,2,8,2004
1045,1045,RL,Pave,5,990,2,672,990,990,0,1,5,1994
1046,1046,RL,Pave,6,1732,2,476,741,977,755,2,7,1985
1047,1047,RL,Pave,4,990,0,0,990,990,0,1,5,1994
1048,1048,RL,Pave,9,1922,3,676,1922,1922,0,2,8,2005
1049,1049,RM,Pave,5,1112,1,336,536,536,576,1,4,1976
1050,1050,RL,Pave,3,1040,2,400,0,1040,0,2,6,1950
1051,1051,RL,Pave,7,1786,2,608,920,920,866,2,6,2001
1052,1052,RL,Pave,6,1116,2,440,1116,1116,0,1,5,1962
1053,1053,RL,Grvl,5,1786,2,529,1499,1619,167,2,7,1965
1054,1054,RL,Pave,5,1144,1,596,1144,1144,0,1,6,1956
1055,1055,RL,Pave,5,1140,0,0,1140,1140,0,1,6,2006
1056,1056,RL,Pave,8,1269,2,430,1256,1269,0,2,6,2004
1057,1057,RL,Pave,9,1620,3,912,1620,1620,0,2,6,2007
1058,1058,RL,Pave,5,1056,1,304,1056,1056,0,1,6,1968
1059,1059,RL,Pave,7,2084,2,618,956,956,1128,2,8,2004
1060,1060,RM,Pave,3,1605,1,379,840,840,765,2,8,1915
1061,1061,RL,Pave,5,1716,0,0,780,936,780,2,9,1912
1062,1062,RL,Pave,4,1120,2,544,1040,1120,0,1,5,1961
1063,1063,RL,Pave,6,1026,2,440,1026,1026,0,1,5,1969
1064,1064,RL,Pave,9,2153,3,736,1440,1476,677,2,8,2000
1065,1065,RL,Pave,5,1250,2,552,661,661,589,2,8,1910
1066,1066,RL,Pave,6,1845,2,462,1055,1055,790,2,8,1992
1067,1067,RL,Pave,4,872,4,480,858,872,0,1,5,1971
1068,1068,RL,Pave,5,1484,2,487,1484,1484,0,2,7,1971
1069,1069,RL,Pave,5,789,1,200,768,789,0,1,5,1926
1070,1070,C (all),Pave,4,1128,2,528,698,698,430,1,6,1920
1071,1071,RL,Pave,7,2696,3,792,1264,1282,1414,2,10,2007
1072,1072,RM,Pave,5,1475,1,336,757,925,550,2,6,1977
1073,1073,RL,Pave,4,845,2,360,845,845,0,1,4,1982
1074,1074,RL,Pave,5,969,2,440,969,969,0,1,5,1975
1075,1075,RL,Pave,6,1671,2,472,959,959,712,2,7,2000
1076,1076,RL,Pave,5,2320,2,672,0,1547,720,2,7,1948
1077,1077,RL,Pave,6,1344,2,525,819,1344,0,1,7,1958
1078,1078,RL,Pave,5,1473,1,452,1437,1473,0,1,5,1968
1079,1079,RL,Pave,6,1638,2,472,943,943,695,2,7,1998
1080,1080,RL,Pave,6,1644,2,418,1416,1644,0,1,7,1953
1081,1081,RL,Pave,5,768,1,396,768,768,0,1,5,1972
1082,1082,RL,Pave,5,1340,1,252,0,1340,0,1,7,1957
1083,1083,RL,Pave,7,1525,2,541,1525,1525,0,2,6,2000
1084,1084,RL,Pave,7,2295,2,590,1095,1166,1129,2,9,1992
1085,1085,RL,Pave,7,1920,2,487,570,1222,698,3,8,1968
1086,1086,RL,Pave,9,1746,3,758,1746,1746,0,2,7,2006
1087,1087,RL,Pave,6,1476,2,540,738,738,738,2,7,2005
1088,1088,RL,Pave,5,1134,1,254,1010,1134,0,1,6,1960
1089,1089,RL,Pave,6,752,1,264,744,752,0,1,4,1984
1090,1090,RL,Pave,8,1795,2,534,1777,1795,0,2,7,2002
1091,1091,RL,Pave,6,1679,2,575,1408,1679,0,2,7,1994
1092,1092,RL,Pave,5,1126,2,484,1126,1126,0,2,5,1977
1093,1093,RL,Pave,6,1456,2,390,728,728,728,2,8,2005
1094,1094,RL,Pave,6,1054,2,460,1054,1054,0,1,6,1969
1095,1095,RL,Pave,9,1652,2,840,1652,1652,0,2,6,2006
1096,1096,FV,Pave,7,1416,2,484,696,696,720,2,6,1999
1097,1097,RM,Pave,6,1556,2,452,716,716,840,2,6,1980
1098,1098,RL,Pave,6,1117,2,672,1029,1117,0,1,6,1976
1099,1099,RL,Pave,6,1328,2,528,1328,1328,0,1,6,1963
1100,1100,RL,Pave,5,1456,1,280,810,1002,454,1,7,1948
1101,1101,RM,Pave,4,1344,0,0,546,798,546,1,6,1970
1102,1102,RM,Pave,7,2554,2,704,718,1576,978,1,8,1890
1103,1103,RL,Pave,5,1466,2,566,796,1096,370,2,7,1936
1104,1104,RL,Pave,7,1541,3,843,1541,1541,0,2,6,2001
1105,1105,RH,Pave,7,767,1,367,723,767,0,1,4,1998
1106,1106,RM,Pave,5,1869,2,456,1088,1188,561,1,7,1890
1107,1107,RL,Pave,8,1567,3,648,1520,1567,0,2,7,2006
1108,1108,RL,Pave,7,1886,2,431,930,956,930,2,10,1998
1109,1109,RL,Pave,6,1004,2,480,1004,1004,0,1,5,1970
1110,1110,RL,Pave,4,1768,0,0,1768,1768,0,2,8,1968
1111,1111,RM,Pave,6,2526,1,216,714,1664,862,2,10,1916
1112,1112,RL,Pave,6,952,1,192,952,952,0,1,4,1916
1113,1113,RL,Pave,6,1244,1,336,1244,1244,0,1,6,1957
1114,1114,RM,Pave,3,968,0,0,600,600,368,1,6,1910
1115,1115,RL,Pave,4,1588,2,680,0,1120,468,2,7,1959
1116,1116,RL,Pave,5,1728,2,560,1728,1728,0,2,8,1976
1117,1117,RL,Pave,5,2620,2,600,1361,1361,1259,2,12,1977
1118,1118,RL,Pave,5,1522,0,0,1008,1008,0,2,7,1926
1119,1119,RL,Pave,6,1960,2,440,860,860,1100,2,8,2002
1120,1120,RL,Pave,7,1339,2,484,1309,1339,0,2,6,1990
1121,1121,RL,Pave,5,938,1,308,938,938,0,1,5,1975
1122,1122,RL,Pave,6,1362,2,460,1362,1362,0,2,6,2005
1123,1123,RM,Pave,4,693,0,0,693,693,0,1,4,1941
1124,1124,RL,Pave,7,1768,2,543,884,884,884,2,8,2003
1125,1125,RL,Pave,8,1574,3,824,1574,1574,0,2,7,2006
1126,1126,RL,Pave,7,1962,3,868,1391,1391,571,2,7,2006
1127,1127,RL,Pave,8,1494,2,481,1494,1494,0,1,6,1995
1128,1128,RM,Pave,8,1742,2,424,916,916,826,1,8,1882
1129,1129,RL,Pave,6,1855,2,512,528,1094,761,2,7,1976
1130,1130,RL,Pave,5,1838,2,372,732,734,1104,2,7,2005
1131,1131,RL,Pave,6,1440,2,467,1440,1440,0,2,7,1981
1132,1132,RM,Pave,5,1060,2,572,1040,1060,0,1,6,1976
1133,1133,RL,Pave,8,1468,3,898,1468,1468,0,2,6,2008
1134,1134,RM,Pave,4,1140,0,0,576,792,348,1,7,1910
1135,1135,RL,Pave,7,1208,2,632,1187,1208,0,2,6,2006
1136,1136,RM,Pave,6,1355,0,0,684,773,582,1,7,1914
1137,1137,RL,Pave,7,1474,2,400,384,804,670,2,7,1995
1138,1138,RL,Pave,6,1152,1,300,1092,1152,0,1,6,1950
1139,1139,FV,Pave,7,1266,2,453,1257,1266,0,2,6,2005
1140,1140,FV,Pave,9,1766,3,478,1766,1766,0,2,7,2009
1141,1141,RL,Pave,6,832,2,528,832,832,0,1,4,1954
1142,1142,RL,Pave,6,1502,1,180,602,900,602,1,7,1923
1143,1143,RL,Pave,5,1352,1,288,1062,1352,0,1,6,1958
1144,1144,RL,Pave,5,1167,2,495,915,1167,0,1,6,1920
1145,1145,RL,Pave,5,1113,1,264,1113,1113,0,1,5,1950
1146,1146,RL,Pave,8,2576,3,666,1234,1264,1312,2,10,2006
1147,1147,RL,Pave,5,894,1,308,894,894,0,1,5,1962
1148,1148,RL,Pave,6,1383,1,292,1383,1383,0,1,7,1960
1149,1149,RL,Pave,7,2646,3,656,1347,1372,1274,2,9,1993
1150,1150,RL,Pave,8,1588,3,825,1588,1588,0,2,7,2006
1151,1151,FV,Pave,7,1547,2,614,756,764,783,2,7,2009
1152,1152,RL,Pave,5,912,1,336,912,912,0,1,5,1967
1153,1153,RL,Pave,8,2290,2,779,1128,1149,1141,2,9,2002
1154,1154,RL,Pave,5,3086,0,0,1598,1636,971,3,12,1946
1155,1155,RL,Pave,4,1346,1,384,560,796,550,1,6,1910
1156,1156,RL,Pave,9,2324,3,736,1175,1182,1142,3,11,2005
1157,1157,RL,Pave,6,2060,2,521,1151,1164,896,2,8,1988
1158,1158,RL,Pave,6,1839,2,442,756,1051,788,1,7,1966
1159,1159,RL,Pave,7,1614,3,865,1614,1614,0,2,7,2005
1160,1160,RL,Pave,8,1629,3,808,1616,1629,0,2,9,2002
1161,1161,RM,Pave,4,1328,1,210,686,810,518,1,8,1925
1162,1162,RL,Pave,7,1725,2,550,539,1040,685,2,6,1979
1163,1163,RL,Pave,5,970,2,624,970,970,0,1,5,1963
1164,1164,RM,Pave,5,1302,1,280,630,630,672,2,6,1971
1165,1165,RL,Pave,9,1792,3,874,1792,1792,0,2,6,2003
1166,1166,RL,Pave,7,1949,2,574,1050,1062,887,2,8,1993
1167,1167,RL,Pave,7,1626,2,474,764,764,862,2,6,2003
